model,engine,concurrency,mixed_length,throughput_mean,throughput_std,throughput_ci95,ttft_mean,ttft_std,ttft_ci95,itl_mean,itl_std,itl_ci95,prefill_latency_ms,prefill_tps,decode_latency_ms,decode_tps,vram_peak_mean,vram_peak_std,vram_peak_ci95,gpu_util_avg,gpu_util_peak
awq,vllm,4,True,71.4066567636434,8.194055789418421,20.356805878782136,66.53556076656362,46.39529666884214,115.26160820088347,19.430822488252144,1.07322771994315,2.6662606308861,66.53556076656362,3872.577255177457,612.1602894500787,80.26951645683788,3.591796875,0.0,0.0,63.23505533360886,87.66666666666667
awq,vllm,4,True,0.0,0.0,0.0,0.0,0.0,0.0,0.0,0.0,0.0,0.0,0.0,0.0,0.0,1.615234375,0.078125,0.19408892252523124,33.0,33.0
awq,vllm,4,True,90.30694464049549,12.4183910600693,30.851483396426428,50.126393100041845,38.07419556376787,94.58917879022907,13.501875276295253,1.1270810013642165,2.8000503955640252,50.126393100041845,5376.189731402149,474.5800673999838,100.51941826605521,3.61328125,0.0,0.0,51.53005356896559,79.0
