model,engine,concurrency,mixed_length,throughput_mean,throughput_std,throughput_ci95
awq,sglang,1,True,131.96781942777088,0.08459881651600816,0.21017207224962253
awq,sglang,2,True,247.01105462465716,0.0635439591752419,0.15786468568716777
awq,sglang,4,True,429.5472806136831,1.011532656624471,2.512989227818602
awq,sglang,8,True,729.5585602138673,5.862274521783194,14.563872582144196
awq,sglang,16,True,671.7854886508029,57.913818323376425,143.87751165063838
