model,engine,concurrency,mixed_length,throughput_mean,throughput_std,throughput_ci95
fp8,vllm,1,True,75.92989970427011,0.1449351390633456,0.36006790370367103
fp8,vllm,2,True,145.22954394677438,0.050851970223415206,0.12633349259453183
fp8,vllm,4,True,268.10843162941535,0.09257523957994544,0.22998820483311042
fp8,vllm,8,True,313.1330241508112,0.18492527783082743,0.4594169333998634
fp8,vllm,16,True,313.4416499530953,0.6685729853974695,1.6609614126754817
