model,engine,concurrency,mixed_length,throughput_mean,throughput_std,throughput_ci95,ttft_mean,ttft_std,ttft_ci95,itl_mean,itl_std,itl_ci95,prefill_latency_ms,prefill_tps,decode_latency_ms,decode_tps,vram_peak_mean,vram_peak_std,vram_peak_ci95,gpu_util_avg,gpu_util_peak
awq,sglang,4,True,159.23068915819871,86.0523897967775,213.78323988963518,44.81411576689425,38.407941899020294,95.41831756278441,17.446501738179393,1.2207558591779555,3.032770423989917,44.81411576689425,6491.206833405656,375.9939706168249,183.66537703644465,3.56640625,0.0,0.0,57.298941798941804,88.66666666666667
