model,engine,concurrency,mixed_length,throughput_mean,throughput_std,throughput_ci95
awq,sglang,1,True,399.4705001545428,17.753681535010625,44.10614937582471
awq,sglang,2,True,641.9942673074104,0.6873228910925399,1.7075425197961973
awq,sglang,4,True,782.944774893133,93.9379478380569,233.37363302553393
awq,sglang,8,True,965.4796950011324,190.99314520738878,474.49156816649116
awq,sglang,16,True,0.0,0.0,0.0
