model,engine,concurrency,mixed_length,throughput_mean,throughput_std,throughput_ci95,ttft_mean,ttft_std,ttft_ci95,itl_mean,itl_std,itl_ci95,prefill_latency_ms,prefill_tps,decode_latency_ms,decode_tps,vram_peak_mean,vram_peak_std,vram_peak_ci95,gpu_util_avg,gpu_util_peak
awq,sglang,4,True,197.5629837900009,127.1056010355695,315.7733011445197,46.34998274996178,37.13283593108705,92.25052308698723,21.33796974163163,1.8540562804299923,4.6061028578533785,46.34998274996178,5994.160635621571,401.8109520497698,248.71745537979268,3.63671875,0.0234375,0.05822667675756937,63.896051974012984,90.33333333333333
