model,engine,concurrency,mixed_length,throughput_mean,throughput_std,throughput_ci95
awq,sglang,1,True,627.0240475101543,60.18940688489986,149.53084326045374
awq,sglang,2,True,689.4170393143304,105.98105359194405,263.2927807967899
awq,sglang,4,True,909.575694674753,103.47150066378538,257.0582025715565
awq,sglang,8,True,1251.4422079582218,147.34712619971927,366.06009550454763
awq,sglang,16,True,0.0,0.0,0.0
