model,engine,concurrency,mixed_length,throughput_mean,throughput_std,throughput_ci95,ttft_mean,ttft_std,ttft_ci95,itl_mean,itl_std,itl_ci95,prefill_latency_ms,prefill_tps,decode_latency_ms,decode_tps,vram_peak_mean,vram_peak_std,vram_peak_ci95,gpu_util_avg,gpu_util_peak
awq,vllm,4,True,99.83372380851597,8.308182962447953,20.640336375347285,38.164429766751105,5.9023922308565835,14.663538539625602,9.17610963321534,0.9047059392658394,2.2475955322148358,38.164429766751105,5462.17472993807,421.0103148665742,110.82387684377927,3.583984375,0.0,0.0,84.80413900576593,100.0
awq,vllm,4,True,0.0,0.0,0.0,0.0,0.0,0.0,0.0,0.0,0.0,0.0,0.0,0.0,0.0,3.185546875,0.0,0.0,0.0,0.0
awq,vllm,4,True,0.0,0.0,0.0,0.0,0.0,0.0,0.0,0.0,0.0,0.0,0.0,0.0,0.0,3.185546875,0.0,0.0,0.0,0.0
awq,vllm,4,True,0.0,0.0,0.0,0.0,0.0,0.0,0.0,0.0,0.0,0.0,0.0,0.0,0.0,3.548828125,0.0,0.0,0.0,0.0
awq,vllm,4,True,90.56683984453225,18.89218900040858,46.93458697257378,65.92143160002404,53.95307665683645,134.03768979515638,8.728357107668508,1.3688935466229748,3.4007945410021834,65.92143160002404,4210.684536182395,406.31583558327594,104.86844240352247,3.578125,0.0,0.0,73.42203072637855,100.0
