model,engine,concurrency,mixed_length,throughput_mean,throughput_std,throughput_ci95
awq,vllm,1,True,125.28331899738917,0.7054696840174821,1.752625290818156
awq,vllm,2,True,236.7287570126944,0.7853991666824937,1.9511971585743317
awq,vllm,4,True,378.5274368409182,1.562594361146664,3.8820128755066627
awq,vllm,8,True,562.578210805781,2.3740250180451272,5.897881059844114
awq,vllm,16,True,666.9891032546211,8.789078163977853,21.835042698707188
