model,engine,concurrency,mixed_length,throughput_mean,throughput_std,throughput_ci95
awq,sglang,1,True,31.134504554788098,0.6407239605837745,1.591775016266285
awq,sglang,2,True,23.350854316443662,0.06446207303417774,0.1601455910265129
awq,sglang,4,True,40.76000530490493,0.10827859115840062,0.2690006411581953
awq,sglang,8,True,68.41894329206924,0.01603810277277014,0.03984407150740327
awq,sglang,16,True,94.57882658767421,0.26333548128399065,0.6542143977609336
