model,engine,concurrency,mixed_length,throughput_mean,throughput_std,throughput_ci95,ttft_mean,ttft_std,ttft_ci95,itl_mean,itl_std,itl_ci95,prefill_latency_ms,prefill_tps,decode_latency_ms,decode_tps,vram_peak_mean,vram_peak_std,vram_peak_ci95,gpu_util_avg,gpu_util_peak
awq,vllm,4,True,87.70308290297545,23.036353595330468,57.23009341731746,146.03476970000884,182.07565774239256,452.33751333495997,15.509830540386355,2.9136329332184276,7.238449621022639,146.03476970000884,3633.1284821008594,474.39553369996855,104.71742512973348,3.59765625,0.0,0.0,55.281377605845684,85.66666666666667
