model,engine,concurrency,mixed_length,throughput_mean,throughput_std,throughput_ci95
awq,vllm,1,True,68.5751962188165,1.2218010185854093,3.0353669534396435
awq,vllm,2,True,124.80209843369141,0.4696160984581624,1.1666852166431696
awq,vllm,4,True,250.91985536689427,17.85356677216442,44.354298086933284
awq,vllm,8,True,430.87143584671065,59.142924096959845,146.93102608602203
awq,vllm,16,True,545.0448533054847,13.345790823349946,33.155458062734205
