model,engine,concurrency,mixed_length,throughput_mean,throughput_std,throughput_ci95,ttft_mean,ttft_std,ttft_ci95,itl_mean,itl_std,itl_ci95,prefill_latency_ms,prefill_tps,decode_latency_ms,decode_tps,vram_peak_mean,vram_peak_std,vram_peak_ci95,gpu_util_avg,gpu_util_peak
awq,vllm,4,True,64.54391567331247,8.465454023565654,21.031050881545486,67.87896243331488,36.668037658746,91.09580697984785,23.981008196670178,1.77528132810342,4.410399233929655,67.87896243331488,3379.2187510190356,717.7951941500396,71.87585432861242,3.63671875,0.0,0.0,70.94783019102267,91.66666666666667
awq,vllm,4,True,91.6618399103234,16.974267640760537,42.16982165824143,52.03402016662343,40.18689750836866,99.83784495399901,14.015834558320359,2.11484499976231,5.253990237590268,52.03402016662343,5275.310281988099,486.02880293339393,101.62617843264934,3.404296875,0.0,0.0,57.433849329205366,85.66666666666667
