model,engine,concurrency,mixed_length,throughput_mean,throughput_std,throughput_ci95,ttft_mean,ttft_std,ttft_ci95,itl_mean,itl_std,itl_ci95,prefill_latency_ms,prefill_tps,decode_latency_ms,decode_tps,vram_peak_mean,vram_peak_std,vram_peak_ci95,gpu_util_avg,gpu_util_peak
nf4,vllm,4,True,0.0,0.0,0.0,0.0,0.0,0.0,0.0,0.0,0.0,0.0,0.0,0.0,0.0,2.87109375,0.0,0.0,0.0,0.0
nf4,vllm,4,True,0.0,0.0,0.0,0.0,0.0,0.0,0.0,0.0,0.0,0.0,0.0,0.0,0.0,3.1640625,0.0,0.0,0.0,0.0
nf4,vllm,4,True,0.0,0.0,0.0,0.0,0.0,0.0,0.0,0.0,0.0,0.0,0.0,0.0,0.0,3.1640625,0.0,0.0,0.0,0.0
nf4,vllm,4,True,9.588788090576463,5.861941842341826,14.563046093896883,567.3113643499922,611.0226219006286,1517.986845737405,162.14350743739078,150.41542644571823,373.68279104028954,567.3113643499922,686.3053707620749,9280.533030999997,10.137177116952495,3.189453125,0.0,0.0,96.94902588540081,100.0
nf4,vllm,4,True,12.84209971001856,0.3153323024814611,0.7833920873731467,224.39237739998438,5.020512008626216,12.472649808374358,76.66877563724678,1.8717132994139114,4.649968864760212,224.39237739998438,867.0660170753675,4404.527754166694,13.576816872950062,3.189453125,0.0,0.0,93.31181702184601,100.0
