model,engine,concurrency,mixed_length,throughput_mean,throughput_std,throughput_ci95
nf4,vllm,1,True,71.88119809764477,2.6432450542140478,6.566714682144652
nf4,vllm,2,True,24.024818451375648,0.335050860809147,0.8323796552396616
nf4,vllm,4,True,43.05995678095709,0.2663141746324675,0.6616144794574321
nf4,vllm,8,True,41.77300350553494,0.42992770588686013,1.0680858265513624
nf4,vllm,16,True,40.51593252709542,0.33003449439186994,0.8199173044822721
