model,engine,concurrency,mixed_length,throughput_mean,throughput_std,throughput_ci95,ttft_mean,ttft_std,ttft_ci95,itl_mean,itl_std,itl_ci95,prefill_latency_ms,prefill_tps,decode_latency_ms,decode_tps,vram_peak_mean,vram_peak_std,vram_peak_ci95,gpu_util_avg,gpu_util_peak
awq,sglang,4,True,107.3479492075631,39.942687545167395,99.23114481156496,45.25187296664323,39.3927210928638,97.86484214081132,14.270070904647838,1.9914353595649208,4.947398953172504,45.25187296664323,6526.569339574155,419.92309868316323,117.94341462308319,3.5345052083333335,0.011276372445109878,0.028014322916666667,74.22018150388936,90.0
