model,engine,concurrency,mixed_length,throughput_mean,throughput_std,throughput_ci95
awq,sglang,1,True,195.66210346834723,1.1349072430367864,2.81949342677876
awq,sglang,2,True,322.9848558101785,0.5945675274638202,1.4771068259064792
awq,sglang,4,True,520.6815888524653,0.5304455773910434,1.3178062153485026
awq,sglang,8,True,725.0515647561947,16.847397175231,41.85463251321867
awq,sglang,16,True,765.9361963333434,24.90698858181414,61.87738338806456
