model,engine,concurrency,mixed_length,throughput_mean,throughput_std,throughput_ci95,ttft_mean,ttft_std,ttft_ci95,itl_mean,itl_std,itl_ci95,prefill_latency_ms,prefill_tps,decode_latency_ms,decode_tps,vram_peak_mean,vram_peak_std,vram_peak_ci95,gpu_util_avg,gpu_util_peak
fp8,vllm,4,True,79.89895789423173,0.018286399361822747,0.04542960062722884,34.68870840030528,0.18743602745611918,0.4656544846255082,11.641192134407534,0.004943094799432209,0.012280319277591954,34.68870840030528,5537.292960894523,518.8287176997013,86.01434429216886,3.583984375,0.0,0.0,87.10870928750721,100.0
