model,engine,concurrency,mixed_length,throughput_mean,throughput_std,throughput_ci95
fp8,vllm,1,True,84.85406649927599,0.0699144898135624,0.1736912383592394
fp8,vllm,2,True,163.34261520752509,0.4380879703431234,1.0883586833300771
fp8,vllm,4,True,298.61009096331844,4.592441033683015,11.409176729448902
fp8,vllm,8,True,487.19216181055555,15.282696479454627,37.96738679011192
fp8,vllm,16,True,637.0206924382886,0.32982680417322513,0.8194013317365979
